0,generating my event 0,2017-03-02 14:04:07 970
1,generating my event 1,2017-03-02 14:04:08 502
2,generating my event 2,2017-03-02 14:04:09 035
3,generating my event 3,2017-03-02 14:04:09 567
4,generating my event 4,2017-03-02 14:04:10 099
5,generating my event 5,2017-03-02 14:04:10 631
6,generating my event 6,2017-03-02 14:04:11 163
7,generating my event 7,2017-03-02 14:04:11 695
8,generating my event 8,2017-03-02 14:04:12 227
9,generating my event 9,2017-03-02 14:04:12 759
10,generating my event 10,2017-03-02 14:04:13 291
11,generating my event 11,2017-03-02 14:04:13 823
12,generating my event 12,2017-03-02 14:04:14 355
13,generating my event 13,2017-03-02 14:04:14 887
14,generating my event 14,2017-03-02 14:04:15 419
15,generating my event 15,2017-03-02 14:04:15 951
16,generating my event 16,2017-03-02 14:04:16 483
17,generating my event 17,2017-03-02 14:04:17 015
18,generating my event 18,2017-03-02 14:04:17 547
19,generating my event 19,2017-03-02 14:04:18 079
20,generating my event 20,2017-03-02 14:04:18 612
21,generating my event 21,2017-03-02 14:04:19 144
22,generating my event 22,2017-03-02 14:04:19 676
23,generating my event 23,2017-03-02 14:04:20 208
24,generating my event 24,2017-03-02 14:04:20 740
25,generating my event 25,2017-03-02 14:04:21 272
26,generating my event 26,2017-03-02 14:04:21 804
27,generating my event 27,2017-03-02 14:04:22 336
28,generating my event 28,2017-03-02 14:04:22 904
29,generating my event 29,2017-03-02 14:04:23 455
30,generating my event 30,2017-03-02 14:04:23 992
31,generating my event 31,2017-03-02 14:04:24 524
32,generating my event 32,2017-03-02 14:04:25 056
33,generating my event 33,2017-03-02 14:04:25 588
34,generating my event 34,2017-03-02 14:04:26 120
35,generating my event 35,2017-03-02 14:04:26 652
36,generating my event 36,2017-03-02 14:04:27 184
37,generating my event 37,2017-03-02 14:04:27 716
38,generating my event 38,2017-03-02 14:04:28 248
39,generating my event 39,2017-03-02 14:04:28 781
40,generating my event 40,2017-03-02 14:04:29 313
41,generating my event 41,2017-03-02 14:04:29 845
42,generating my event 42,2017-03-02 14:04:30 377
43,generating my event 43,2017-03-02 14:04:30 909
44,generating my event 44,2017-03-02 14:04:31 441
45,generating my event 45,2017-03-02 14:04:31 973
46,generating my event 46,2017-03-02 14:04:32 505
47,generating my event 47,2017-03-02 14:04:33 037
48,generating my event 48,2017-03-02 14:04:33 569
49,generating my event 49,2017-03-02 14:04:34 101
50,generating my event 50,2017-03-02 14:04:34 633
51,generating my event 51,2017-03-02 14:04:35 165
52,generating my event 52,2017-03-02 14:04:35 697
53,generating my event 53,2017-03-02 14:04:36 229
54,generating my event 54,2017-03-02 14:04:36 761
55,generating my event 55,2017-03-02 14:04:37 293
56,generating my event 56,2017-03-02 14:04:37 825
57,generating my event 57,2017-03-02 14:04:38 357
58,generating my event 58,2017-03-02 14:04:38 890
59,generating my event 59,2017-03-02 14:04:39 422
60,generating my event 60,2017-03-02 14:04:39 954
61,generating my event 61,2017-03-02 14:04:40 486
62,generating my event 62,2017-03-02 14:04:41 018
63,generating my event 63,2017-03-02 14:04:41 550
64,generating my event 64,2017-03-02 14:04:42 082
65,generating my event 65,2017-03-02 14:04:42 614
66,generating my event 66,2017-03-02 14:04:43 146
67,generating my event 67,2017-03-02 14:04:43 678
68,generating my event 68,2017-03-02 14:04:44 210
69,generating my event 69,2017-03-02 14:04:44 742
70,generating my event 70,2017-03-02 14:04:45 274
71,generating my event 71,2017-03-02 14:04:45 806
72,generating my event 72,2017-03-02 14:04:46 338
73,generating my event 73,2017-03-02 14:04:46 870
74,generating my event 74,2017-03-02 14:04:47 402
75,generating my event 75,2017-03-02 14:04:47 934
76,generating my event 76,2017-03-02 14:04:48 466
77,generating my event 77,2017-03-02 14:04:48 999
78,generating my event 78,2017-03-02 14:04:49 531
79,generating my event 79,2017-03-02 14:04:50 063
80,generating my event 80,2017-03-02 14:04:50 595
81,generating my event 81,2017-03-02 14:04:51 127
82,generating my event 82,2017-03-02 14:04:51 659
83,generating my event 83,2017-03-02 14:04:52 191
84,generating my event 84,2017-03-02 14:04:52 723
85,generating my event 85,2017-03-02 14:04:53 255
86,generating my event 86,2017-03-02 14:04:53 787
87,generating my event 87,2017-03-02 14:04:54 319
88,generating my event 88,2017-03-02 14:04:54 851
89,generating my event 89,2017-03-02 14:04:55 383
90,generating my event 90,2017-03-02 14:04:55 915
91,generating my event 91,2017-03-02 14:04:56 447
92,generating my event 92,2017-03-02 14:04:56 979
93,generating my event 93,2017-03-02 14:04:57 511
94,generating my event 94,2017-03-02 14:04:58 043
95,generating my event 95,2017-03-02 14:04:58 576
96,generating my event 96,2017-03-02 14:04:59 108
97,generating my event 97,2017-03-02 14:04:59 640
98,generating my event 98,2017-03-02 14:05:00 172
99,generating my event 99,2017-03-02 14:05:00 704
